title,platform,problem_id,difficulty,chapter,chapter_num,anchor,tags
Two Sums I,LeetCode,1,Easy,Array,02,lc-two-sum-1,Blind 75
Two Sum II - Sorted Array,LeetCode,167,Medium,Array,02,lc-two-sum-ii-sorted,
Two Sum II - Boolean,Other,NA,Easy,Array,02,other-two-sum-ii-boolean,
Two Sum IV - BST,LeetCode,653,Easy,Array,02,lc-two-sum-iv-bst,
Two Sum V,Other,NA,Medium,Array,02,other-two-sum-v,
Remove Duplicates from Sorted Array,LeetCode,26,Easy,Array,02,lc-remove-duplicates-sorted,
3Sum,LeetCode,15,Medium,Array,02,lc-three-sum,Blind 75
3Sum Closest,LeetCode,16,Medium,Array,02,lc-three-sum-closest,
4Sum,LeetCode,18,Medium,Array,02,lc-four-sum,
4Sum II,LeetCode,454,Medium,Array,02,lc-four-sum-ii,
Coin Change II,LeetCode,518,Medium,Array,02,lc-coin-change-ii,
Max Gain,Firecode,NA,Easy,Array,02,fc-max-gain,
Pascal's Triangle,LeetCode,118,Easy,Array,02,lc-pascals-triangle,
Search in Rotated Sorted Array,LeetCode,33,Medium,Array,02,lc-search-rotated-array,Blind 75
Median of Two Sorted Arrays,LeetCode,4,Hard,Array,02,lc-median-two-sorted,NeetCode 150
Retrieve Elements K Times,Other,NA,Easy,Array,02,other-kth-occurrence,
Permutations,LeetCode,46,Medium,Array,02,lc-permutations,NeetCode 150
Permutations II,LeetCode,47,Medium,Array,02,lc-permutations-ii,
Subsets II,LeetCode,90,Medium,Array,02,lc-subsets-ii,NeetCode 150
Sort Array By Parity,LeetCode,905,Easy,Array,02,lc-sort-array-parity,
Merge Intervals,LeetCode,56,Medium,Array,02,lc-merge-intervals,"Blind 75, NeetCode 150"
Non-overlapping Intervals,LeetCode,435,Medium,Array,02,lc-non-overlapping-intervals,"Blind 75, NeetCode 150"
Interval List Intersections,LeetCode,986,Medium,Array,02,lc-interval-list-intersections,
Insert Interval,LeetCode,57,Hard,Array,02,lc-insert-interval,"Blind 75, NeetCode 150"
Find Common Characters,LeetCode,1002,Easy,Array,02,lc-find-common-characters,
Top K Frequent Elements,LeetCode,347,Medium,Array,02,lc-top-k-frequent,Blind 75
Random Pick Index,LeetCode,398,Medium,Array,02,lc-random-pick-index,Google
Random Pick with Weight,LeetCode,528,Medium,Array,02,lc-random-pick-with-weight,
Minimum Operations to Make Binary Array Elements Equal to One I,LeetCode,3191,Medium,Array,02,lc-fill-ones,
Maximum Subarray,LeetCode,53,Easy,Array,02,lc-maximum-subarray,Blind 75
Maximum Product Subarray,LeetCode,152,Medium,Array,02,lc-maximum-product,"Blind 75, NeetCode 150"
Eliminate Maximum Monsters,LeetCode,1921,Medium,Array,02,lc-eliminate-max-monsters,
Longest Valid Parentheses,LeetCode,32,Hard,Array,02,lc-longest-valid-parentheses,
Longest Increasing Subsequence,LeetCode,300,Medium,Array,02,lc-lis,"Blind 75, NeetCode 150"
Coin Change,LeetCode,322,Medium,Array,02,lc-coin-change,"Blind 75, NeetCode 150"
Paint House,LeetCode,256,Easy,Array,02,lc-paint-house,
Climbing Stairs,LeetCode,70,Easy,Array,02,lc-climbing-stairs,"Blind 75, NeetCode 150"
Maximum Number of Repetitions,Firecode,NA,Medium,Array,02,fc-max-repetitions,
House Robber,LeetCode,198,Easy,Array,02,lc-house-robber,"Blind 75, NeetCode 150"
Minimum Size Subarray Sum,LeetCode,209,Medium,Array,02,lc-min-size-subarray-sum,
Best Time to Buy and Sell Stock,LeetCode,121,Easy,Array,02,lc-stock-121,Blind 75
Best Time to Buy and Sell Stock II,LeetCode,122,Easy,Array,02,lc-stock-122,
Best Time to Buy and Sell Stock with Cooldown,LeetCode,309,Medium,Array,02,lc-stock-cooldown,NeetCode 150
Minimum Swaps Sequences Increasing,LeetCode,801,Medium,Array,02,lc-min-swaps-increasing,
Retrieve Optimal Computation,Firecode,NA,Medium,Array,02,fc-optimal-computation,
Shortest Word Distance,LeetCode,NA,Easy,Array,02,lc-shortest-word-distance,
Maximize Distance to Closest Person,LeetCode,849,Medium,Array,02,lc-maximize-distance-closest,
Cutting Ribbons,LeetCode,1891,Medium,Array,02,lc-cutting-ribbons,
Number of Zero-Filled Subarrays,LeetCode,2348,Medium,Array,02,lc-zero-filled-subarrays,
Divide Array Into Arrays With Max Difference,LeetCode,2966,Medium,Array,02,lc-divide-array-max-diff,
Design Tic-Tac-Toe,LeetCode,348,Medium,Matrix,03,lc-tic-tac-toe,
Brick Wall,LeetCode,554,Medium,Matrix,03,lc-brick-wall,
Battleships in a Board,LeetCode,419,Medium,Matrix,03,lc-battleships-in-board,
Word Search,LeetCode,79,Medium,Matrix,03,lc-word-search,"Blind 75, NeetCode 150"
Rotate Image,LeetCode,48,Medium,Matrix,03,lc-rotate-image,Blind 75
Spiral Matrix,LeetCode,54,Medium,Matrix,03,lc-spiral-matrix,Blind 75
Search a 2D Matrix,LeetCode,74,Medium,Matrix,03,lc-search-matrix,
Search a 2D Matrix II,LeetCode,240,Medium,Matrix,03,lc-search-matrix-ii,
Minimum Path Sum,LeetCode,64,Medium,Matrix,03,lc-min-path-sum,
Unique Paths,LeetCode,62,Medium,Matrix,03,lc-unique-paths,"Blind 75, NeetCode 150"
Number of Islands,LeetCode,200,Medium,Matrix,03,lc-number-of-islands,"Blind 75, NeetCode 150"
Surrounded Regions,LeetCode,130,Medium,Matrix,03,lc-surrounded-regions,NeetCode 150
Maximal Square,LeetCode,221,Medium,Matrix,03,lc-maximal-square,
Count Square Submatrices with All Ones,LeetCode,1277,Medium,Matrix,03,lc-count-square-submatrices,
Best Meeting Point,LeetCode,296,Hard,Matrix,03,lc-best-meeting-point,
Balanced Binary Tree,LeetCode,110,Easy,Tree,04,lc-balanced-binary-tree,
Binary Tree Level Order Traversal II,LeetCode,107,Medium,Tree,04,lc-level-order-bottom,
Path Sum,LeetCode,112,Easy,Tree,04,lc-path-sum,
Height of Binary Search Tree,HackerRank,height-of-binary-search-tree,Easy,Tree,04,hr-height-bst,
Graph Serialization,Other,NA,Unclassified,Graph,05,other-graph-serialization,
Add Two Numbers,LeetCode,2,Medium,Linked List,06,lc-add-two-numbers,
Reverse Linked List,LeetCode,206,Easy,Linked List,06,lc-reverse-linked-list,Blind 75
Reverse Linked List II,LeetCode,92,Medium,Linked List,06,lc-reverse-linked-list-ii,
Reverse Nodes in k-Group,LeetCode,25,Hard,Linked List,06,lc-reverse-k-group,NeetCode 150
Linked List Cycle,LeetCode,141,Easy,Linked List,06,lc-linked-list-cycle,Blind 75
Linked List Cycle II,LeetCode,142,Medium,Linked List,06,lc-linked-list-cycle-ii,
Odd Even Linked List,LeetCode,328,Medium,Linked List,06,lc-odd-even-list,
Merge Two Sorted Lists,LeetCode,21,Easy,Linked List,06,lc-merge-two-sorted,
Merge k Sorted Lists,LeetCode,23,Hard,Linked List,06,lc-merge-k-sorted,
Palindrome Linked List,LeetCode,234,Easy,Linked List,06,lc-palindrome-list,
Intersection of Two Linked Lists,LeetCode,160,Easy,Linked List,06,lc-intersection-linked-lists,
Remove Nth Node From End,LeetCode,19,Medium,Linked List,06,lc-remove-nth-node,
Insert Node at Position in Doubly Linked List,Other,NA,Easy,Linked List,06,other-insert-dll,
Reorder List,LeetCode,143,Medium,Linked List,06,lc-reorder-list,
Remove Duplicates from Sorted List,LeetCode,83,Easy,Linked List,06,lc-remove-duplicates,
Copy List with Random Pointer,LeetCode,138,Medium,Linked List,06,lc-copy-random-list,
Group Anagrams,LeetCode,49,Medium,String Manipulation,09,lc-group-anagrams,Blind 75
Longest Substring Without Repeating,LeetCode,3,Medium,String Manipulation,09,lc-longest-substring-unique,Blind 75
Find kth Largest Element,LeetCode,215,Medium,Heap,08,lc-kth-largest,
Merge K Sorted Arrays,Interview,NA,Medium,Heap,08,interview-merge-k-arrays,
Maximum Score From Removing Substrings,LeetCode,1717,Medium,Stack and Queue,07,lc-max-score-removing-substrings,
Validate Properly Nested Brackets,HackerRank,validate-properly-nested-brackets,Easy,Stack and Queue,07,hr-validate-nested-brackets,
Next Greater Element with Position Offset,HackerRank,next-greater-element-position-offset,Medium,Stack and Queue,07,hr-next-greater-offset,
My Calendar I,LeetCode,729,Medium,Advanced Data Structure,12,lc-my-calendar-i,
Sort List,LeetCode,148,Medium,Linked List,06,lc-sort-list,
Insertion Sort List,LeetCode,147,Medium,Linked List,06,lc-insertion-sort-list,
Selection Sort Array,Firecode,NA,Easy,Array,02,fc-selection-sort-array,
Quick Sort Array,Interview,NA,Medium,Array,02,interview-quick-sort-array,
Top K Elements,Interview,NA,Medium,Heap,08,interview-top-k-elements,
Binary Representation,Firecode,NA,Easy,String Manipulation,09,fc-binary-representation,
Insert Stars,Firecode,NA,Easy,String Manipulation,09,fc-insert-stars,
Word Ladder,LeetCode,127,Medium,String Manipulation,09,lc-word-ladder,NeetCode 150
Longest Common Prefix,LeetCode,14,Easy,String Manipulation,09,lc-longest-common-prefix,
Longest Common Substring,Interview,NA,Medium,String Manipulation,09,interview-longest-common-substring,
Longest Palindromic Substring,LeetCode,5,Medium,String Manipulation,09,lc-longest-palindromic-substring,Blind 75
Word Break,LeetCode,139,Medium,String Manipulation,09,lc-word-break,"Blind 75, NeetCode 150"
Sort Characters By Frequency,LeetCode,451,Medium,String Manipulation,09,lc-sort-characters-by-frequency,
Verifying an Alien Dictionary,LeetCode,953,Easy,String Manipulation,09,lc-alien-dictionary,
First Non-Repeated Character,Interview,NA,Easy,String Manipulation,09,interview-first-non-repeated,
Number of Substrings All Three Chars,LeetCode,1358,Medium,String Manipulation,09,lc-substrings-all-three,
Minimum Number of Steps to Make Two Strings Anagram,LeetCode,1347,Medium,String Manipulation,09,lc-min-steps-anagram,
Count Elements Greater Than Previous Average,HackerRank,count-elements-greater-than-previous-average,Easy,Array,02,hr-count-elements-greater-avg,
Count Number Pairs,HackerRank,count-number-pairs,Easy,Array,02,hr-count-number-pairs,
Find Index Combinations with Target Weight Sum,HackerRank,find-index-combinations-with-target-weight-sum,Medium,Array,02,hr-index-combinations-target-sum,
Merge and Sort Intervals,HackerRank,merge-and-sort-intervals,Medium,Array,02,hr-merge-sort-intervals,
Minimum Plans to Reach Target Bandwidth,HackerRank,minimum-plans-to-reach-target-bandwidth,Medium,Array,02,hr-min-plans-target-bandwidth,
Top K Frequent Events with Order Preservation,HackerRank,top-k-frequent-events-with-order-preservation,Medium,Array,02,hr-top-k-frequent-events,
Check Palindrome by Filtering Non-Letters,HackerRank,check-palindrome-filter-non-letters,Easy,String Manipulation,09,hr-check-palindrome-filter,
Generate Valid Angle Bracket Sequences,HackerRank,generate-valid-angle-bracket-sequences,Easy,String Manipulation,09,hr-generate-valid-brackets,
Max Unique Substring Length in a Session,HackerRank,max-unique-substring-length-in-session,Medium,String Manipulation,09,hr-max-unique-substring-session,
Power of Two,Firecode,NA,Easy,Math,10,fc-power-of-two,
Pow(x; n),LeetCode,50,Medium,Math,10,lc-pow-x-n,NeetCode 150
Count Primes,LeetCode,204,Easy,Math,10,lc-count-primes,
Sum of Two Integers,LeetCode,371,Medium,Math,10,lc-sum-two-integers,"Blind 75, NeetCode 150"
Fibonacci Sequence,Firecode,NA,Easy,Math,10,fc-fibonacci,
Implement Rand10() Using Rand7(),LeetCode,470,Medium,Math,10,lc-rand10-using-rand7,
Minimum Operations to One,Interview,NA,Medium,Math,10,interview-min-ops-to-one,
Custom Fibonacci Sequence,HackerRank,custom-fibonacci-sequence,Easy,Math,10,hr-custom-fibonacci-sequence,
Guess the Word,LeetCode,843,Hard,Interactive,11,lc-guess-the-word,
Design LRU Cache,LeetCode,146,Medium,Advanced Data Structure,12,lc-lru-cache,
Design HashSet,LeetCode,705,Easy,Advanced Data Structure,12,lc-design-hashset,
Design HashMap,LeetCode,706,Easy,Advanced Data Structure,12,lc-design-hashmap,
Simple Bank System,LeetCode,2043,Medium,Advanced Data Structure,12,lc-simple-bank-system,
Implement Stack Using Queues,Interview,NA,Easy,Advanced Data Structure,12,interview-design-stack,
Implement Queue,Interview,NA,Easy,Advanced Data Structure,12,interview-design-queue,
Merge In Between Linked Lists,LeetCode,1669,Medium,Linked List,06,lc-merge-in-between,
One-Pass Removal of k-th Node from End,HackerRank,one-pass-removal-kth-node-from-end,Medium,Linked List,06,hr-remove-kth-from-end,
Reverse Even-Indexed Nodes and Append,HackerRank,reverse-even-indexed-nodes-append,Medium,Linked List,06,hr-reverse-even-append,
Time-Based Key-Value Cache,Interview,Oracle Time Cache,Medium,Advanced Data Structure,12,interview-oracle-time-cache,Oracle
VIP Customer Scheduler,Interview,Intuit VIP Scheduler,Medium,Stack and Queue,07,interview-vip-scheduler,Intuit
